CNPJ: 59.234.834/0001-04;J L SILVA TAVARES LTDA
DATA;CODIGO DA TRANSACAO;DESCRICAO;CONTA;VALOR;SALDO
17/01/2026 23:24:18;EDBB6830-B0ED-48C1-B3A2-F0E2D2CB70B6;Liberação de saldo em conta corrente;Disponível;-1,98
17/01/2026 23:24:18;EDBB6830-B0ED-48C1-B3A2-F0E2D2CB70B6;Pagamento liberado.;Disponível;1,98
17/01/2026 22:51:39;C4B91B0E-6EDF-4851-A8A3-EBC051F17DCE;Liberação de saldo em conta corrente;Disponível;-0,99
17/01/2026 22:51:39;C4B91B0E-6EDF-4851-A8A3-EBC051F17DCE;Pagamento liberado.;Disponível;0,99
17/01/2026 19:47:09;123E4197-3E0A-4137-9AD4-BF1DE2746539;Liberação de saldo em conta corrente;Disponível;-1,98
17/01/2026 19:47:09;123E4197-3E0A-4137-9AD4-BF1DE2746539;Pagamento liberado.;Disponível;1,98
17/01/2026 15:56:10;6CAD3BF6-AB34-414D-AEC8-3B453E82D7F0;Liberação de saldo em conta corrente;Disponível;-0,99
17/01/2026 15:56:10;6CAD3BF6-AB34-414D-AEC8-3B453E82D7F0;Pagamento liberado.;Disponível;0,99
17/01/2026 14:06:14;BAE90B06-F2CE-4487-9820-E0ED1CE90D59;Liberação de saldo em conta corrente;Disponível;-0,99
17/01/2026 14:06:14;BAE90B06-F2CE-4487-9820-E0ED1CE90D59;Pagamento liberado.;Disponível;0,99
17/01/2026; ;Saldo agregado do dia;Disponível; ;0,00
17/01/2026 23:27:24;EDBB6830-B0ED-48C1-B3A2-F0E2D2CB70B6;Pagamento liberado;A receber;-1,98
17/01/2026 23:27:22;EDBB6830-B0ED-48C1-B3A2-F0E2D2CB70B6;Taxa de intermediação;A receber;-0,02
17/01/2026 23:24:16;EDBB6830-B0ED-48C1-B3A2-F0E2D2CB70B6;Pagamento de PIX do PagBank a receber;A receber;2,00
17/01/2026 22:54:46;C4B91B0E-6EDF-4851-A8A3-EBC051F17DCE;Taxa de intermediação;A receber;-0,01
17/01/2026 22:54:40;C4B91B0E-6EDF-4851-A8A3-EBC051F17DCE;Pagamento liberado;A receber;-0,99
17/01/2026 22:51:38;C4B91B0E-6EDF-4851-A8A3-EBC051F17DCE;Pagamento de PIX do PagBank a receber;A receber;1,00
17/01/2026 19:50:11;123E4197-3E0A-4137-9AD4-BF1DE2746539;Taxa de intermediação;A receber;-0,02
17/01/2026 19:50:10;123E4197-3E0A-4137-9AD4-BF1DE2746539;Pagamento liberado;A receber;-1,98
17/01/2026 19:47:07;123E4197-3E0A-4137-9AD4-BF1DE2746539;Pagamento de PIX do PagBank a receber;A receber;2,00
17/01/2026 15:59:14;6CAD3BF6-AB34-414D-AEC8-3B453E82D7F0;Pagamento liberado;A receber;-0,99
17/01/2026 15:59:13;6CAD3BF6-AB34-414D-AEC8-3B453E82D7F0;Taxa de intermediação;A receber;-0,01
17/01/2026 15:56:07;6CAD3BF6-AB34-414D-AEC8-3B453E82D7F0;Pagamento de PIX do PagBank a receber;A receber;1,00
17/01/2026 14:09:21;BAE90B06-F2CE-4487-9820-E0ED1CE90D59;Pagamento liberado;A receber;-0,99
17/01/2026 14:09:17;BAE90B06-F2CE-4487-9820-E0ED1CE90D59;Taxa de intermediação;A receber;-0,01
17/01/2026 14:06:09;BAE90B06-F2CE-4487-9820-E0ED1CE90D59;Pagamento de PIX do PagBank a receber;A receber;1,00
17/01/2026; ;Saldo agregado do dia;A receber; ;0,00
18/01/2026 12:01:19;20FDFC0C-206C-4EAD-AA28-80A22D14886B;Liberação de saldo em conta corrente;Disponível;-1,49
18/01/2026 12:01:19;20FDFC0C-206C-4EAD-AA28-80A22D14886B;Pagamento liberado.;Disponível;1,49
18/01/2026; ;Saldo agregado do dia;Disponível; ;0,00
18/01/2026 12:04:27;20FDFC0C-206C-4EAD-AA28-80A22D14886B;Taxa de intermediação;A receber;-0,01
18/01/2026 12:04:26;20FDFC0C-206C-4EAD-AA28-80A22D14886B;Pagamento liberado;A receber;-1,49
18/01/2026 12:01:18;20FDFC0C-206C-4EAD-AA28-80A22D14886B;Pagamento de PIX do PagBank a receber;A receber;1,50
18/01/2026; ;Saldo agregado do dia;A receber; ;0,00
20/01/2026 15:11:59;FDC2E9A8-E301-4F90-85BC-44843ED9132A;Liberação de saldo em conta corrente;Disponível;-0,99
20/01/2026 15:11:59;FDC2E9A8-E301-4F90-85BC-44843ED9132A;Pagamento liberado.;Disponível;0,99
20/01/2026; ;Saldo agregado do dia;Disponível; ;0,00
20/01/2026 15:16:02;FDC2E9A8-E301-4F90-85BC-44843ED9132A;Taxa de intermediação;A receber;-0,01
20/01/2026 15:15:01;FDC2E9A8-E301-4F90-85BC-44843ED9132A;Pagamento liberado;A receber;-0,99
20/01/2026 15:11:58;FDC2E9A8-E301-4F90-85BC-44843ED9132A;Pagamento de PIX do PagBank a receber;A receber;1,00
20/01/2026; ;Saldo agregado do dia;A receber; ;0,00
23/01/2026 08:46:41;4014DD8C-C0AA-41D4-9B50-66508BE26FC3;Liberação de saldo em conta corrente;Disponível;-495,05
23/01/2026 08:46:41;4014DD8C-C0AA-41D4-9B50-66508BE26FC3;Pagamento liberado.;Disponível;495,05
23/01/2026; ;Saldo agregado do dia;Disponível; ;0,00
23/01/2026 08:49:43;4014DD8C-C0AA-41D4-9B50-66508BE26FC3;Pagamento liberado;A receber;-495,05
23/01/2026 08:46:41;4014DD8C-C0AA-41D4-9B50-66508BE26FC3;Taxa de intermediação;A receber;-4,95
23/01/2026 08:46:39;4014DD8C-C0AA-41D4-9B50-66508BE26FC3;Pagamento de PIX do PagBank a receber;A receber;500,00
23/01/2026; ;Saldo agregado do dia;A receber; ;0,00
26/01/2026 16:11:27;1F7BBF03-3E5A-46F7-946D-0782221FCADD;Liberação de saldo em conta corrente;Disponível;-386,14
26/01/2026 16:11:27;1F7BBF03-3E5A-46F7-946D-0782221FCADD;Pagamento liberado.;Disponível;386,14
26/01/2026; ;Saldo agregado do dia;Disponível; ;0,00
26/01/2026 16:14:28;1F7BBF03-3E5A-46F7-946D-0782221FCADD;Pagamento liberado;A receber;-386,14
26/01/2026 16:11:28;1F7BBF03-3E5A-46F7-946D-0782221FCADD;Taxa de intermediação;A receber;-3,86
26/01/2026 16:11:25;1F7BBF03-3E5A-46F7-946D-0782221FCADD;Pagamento de PIX do PagBank a receber;A receber;390,00
26/01/2026; ;Saldo agregado do dia;A receber; ;0,00
28/01/2026 10:02:24;2BAC9692-9BFD-49A0-8D6F-B36934ECC047;Liberação de saldo em conta corrente;Disponível;-1,98
28/01/2026 10:02:24;2BAC9692-9BFD-49A0-8D6F-B36934ECC047;Pagamento liberado.;Disponível;1,98
28/01/2026 09:38:59;81695C4C-EE46-4ED6-8AE8-A312F6CD254A;Liberação de saldo em conta corrente;Disponível;-1,98
28/01/2026 09:38:59;81695C4C-EE46-4ED6-8AE8-A312F6CD254A;Pagamento liberado.;Disponível;1,98
28/01/2026 08:43:12;858BDE28-AB82-4599-9536-A1FCAF31C841;Liberação de saldo em conta corrente;Disponível;-214,85
28/01/2026 08:43:12;858BDE28-AB82-4599-9536-A1FCAF31C841;Pagamento liberado.;Disponível;214,85
28/01/2026 08:31:15;3E2E358B-62AD-4008-9AB8-37E650490EE9;Liberação de saldo em conta corrente;Disponível;-4,95
28/01/2026 08:31:15;3E2E358B-62AD-4008-9AB8-37E650490EE9;Pagamento liberado.;Disponível;4,95
28/01/2026; ;Saldo agregado do dia;Disponível; ;0,00
28/01/2026 10:05:27;2BAC9692-9BFD-49A0-8D6F-B36934ECC047;Pagamento liberado;A receber;-1,98
28/01/2026 10:02:25;2BAC9692-9BFD-49A0-8D6F-B36934ECC047;Taxa de intermediação;A receber;-0,02
28/01/2026 10:02:21;2BAC9692-9BFD-49A0-8D6F-B36934ECC047;Pagamento de PIX do PagBank a receber;A receber;2,00
28/01/2026 09:42:05;81695C4C-EE46-4ED6-8AE8-A312F6CD254A;Pagamento liberado;A receber;-1,98
28/01/2026 09:38:58;81695C4C-EE46-4ED6-8AE8-A312F6CD254A;Taxa de intermediação;A receber;-0,02
28/01/2026 09:38:56;81695C4C-EE46-4ED6-8AE8-A312F6CD254A;Pagamento de PIX do PagBank a receber;A receber;2,00
28/01/2026 08:46:27;858BDE28-AB82-4599-9536-A1FCAF31C841;Pagamento liberado;A receber;-214,85
28/01/2026 08:43:12;858BDE28-AB82-4599-9536-A1FCAF31C841;Taxa de intermediação;A receber;-2,15
28/01/2026 08:43:10;858BDE28-AB82-4599-9536-A1FCAF31C841;Pagamento de PIX do PagBank a receber;A receber;217,00
28/01/2026 08:34:16;3E2E358B-62AD-4008-9AB8-37E650490EE9;Pagamento liberado;A receber;-4,95
28/01/2026 08:31:14;3E2E358B-62AD-4008-9AB8-37E650490EE9;Taxa de intermediação;A receber;-0,05
28/01/2026 08:31:14;3E2E358B-62AD-4008-9AB8-37E650490EE9;Pagamento de PIX do PagBank a receber;A receber;5,00
28/01/2026; ;Saldo agregado do dia;A receber; ;0,00